Workbook

Sheet Cover
B2: ECL Operations Hub
B3: Functional and Accessibility Test Report
B4: Cycle 1, manual execution
B7: DOCUMENT CONTROL
B8: Report ID | C8: QA-ECL-C1-001
B9: Version | C9: 1.0
B10: Author | C10: Destine April Fortaliza, QA
B11: Date issued | C11: 7 September 2026
B12: Status | C12: Issued
B14: TEST BASIS
B15: Application | C15: ECL Operations Hub, an internal operations platform covering relationships, pipeline, work items and reporting.
B16: Environment | C16: Web. Chrome 140 on macOS. Viewport 1512 x 797.
B17: Test dates | C17: 6 to 7 September 2026
B18: Test types | C18: Functional, UI, navigation, empty state, front end performance, and WCAG 2.1 AA spot checks.
B19: In scope | C19: Dashboard, Organizations, People, Consultation Requests, Tasks, global navigation, page level accessibility.
B20: Out of scope | C20: Create, edit, delete and import operations. Authentication and access control. Analytics, Reports, Calendar, Deliverables and Team. Write operations were excluded to keep the pass non destructive.
B21: Method | C21: Cases executed manually in browser. Timings read from the browser Navigation Timing and Resource Timing APIs rather than measured by stopwatch. Accessibility checks run against the live DOM covering landmarks, heading order, accessible names, form labelling and document title, then mapped to WCAG 2.1 success criteria.
B23: RESULT SUMMARY
B24: Test cases designed | C24: =COUNTA('Test Cases'!A3:A28) -> 26
B25: Executed | C25: =COUNTIFS('Test Cases'!H3:H28,"Pass")+COUNTIFS('Test Cases'!H3:H28,"Fail") -> 21
B26: Passed | C26: =COUNTIFS('Test Cases'!H3:H28,"Pass") -> 17
B27: Failed | C27: =COUNTIFS('Test Cases'!H3:H28,"Fail") -> 4
B28: Not run | C28: =COUNTIFS('Test Cases'!H3:H28,"Not Run") -> 5
B29: Defects raised | C29: =COUNTA('Defect Log'!A3:A7) -> 5
B30: Defects open | C30: =COUNTIFS('Defect Log'!J3:J7,"Open") -> 4
B31: Closed, not a defect | C31: =COUNTIFS('Defect Log'!J3:J7,"Closed, not a defect") -> 1
B33: TESTER NOTE
B34: DEF-005 | C34: On the first execution pass the Organizations list appeared never to render. The data request returned 200 in 2.31 seconds, yet the view still showed a loading state 139 seconds later with zero rows. It was raised as Critical. On re-test it did not reproduce in a normal session. Root cause sat in the test environment rather than the product: the session was driving a background browser tab, where document.visibilityState reported hidden and the browser throttles the timers the render path depends on. The defect was closed as not a defect and the affected cases were re-run and passed. It is kept in this report deliberately. A finding that does not reproduce under normal conditions is not a finding, and the reasoning behind closing one belongs in the record.
B36: SEVERITY DEFINITIONS
B37: Critical | C37: Core function unusable and no workaround exists. Blocks release.
B38: Major | C38: Function behaves incorrectly, or a documented standard is not met. A workaround exists.
B39: Minor | C39: Cosmetic or consistency issue. Does not block the user from completing a task.

Sheet Summary
B2: Execution Summary
B3: Counts are formulas over the Test Cases sheet and update if that sheet changes.
B5: Module | C5: Designed | D5: Pass | E5: Fail | F5: Not Run | G5: Executed %
B6: Dashboard | C6: =COUNTIFS('Test Cases'!B3:B28,$B6) -> 4 | D6: =COUNTIFS('Test Cases'!B3:B28,$B6,'Test Cases'!H3:H28,"Pass") -> 3 | E6: =COUNTIFS('Test Cases'!B3:B28,$B6,'Test Cases'!H3:H28,"Fail") -> 0 | F6: =COUNTIFS('Test Cases'!B3:B28,$B6,'Test Cases'!H3:H28,"Not Run") -> 1 | G6: =IFERROR((D6+E6)/C6,0) -> 0.75
B7: Organizations | C7: =COUNTIFS('Test Cases'!B3:B28,$B7) -> 6 | D7: =COUNTIFS('Test Cases'!B3:B28,$B7,'Test Cases'!H3:H28,"Pass") -> 2 | E7: =COUNTIFS('Test Cases'!B3:B28,$B7,'Test Cases'!H3:H28,"Fail") -> 0 | F7: =COUNTIFS('Test Cases'!B3:B28,$B7,'Test Cases'!H3:H28,"Not Run") -> 4 | G7: =IFERROR((D7+E7)/C7,0) -> 0.33333333
B8: People | C8: =COUNTIFS('Test Cases'!B3:B28,$B8) -> 3 | D8: =COUNTIFS('Test Cases'!B3:B28,$B8,'Test Cases'!H3:H28,"Pass") -> 3 | E8: =COUNTIFS('Test Cases'!B3:B28,$B8,'Test Cases'!H3:H28,"Fail") -> 0 | F8: =COUNTIFS('Test Cases'!B3:B28,$B8,'Test Cases'!H3:H28,"Not Run") -> 0 | G8: =IFERROR((D8+E8)/C8,0) -> 1
B9: Consultation Requests | C9: =COUNTIFS('Test Cases'!B3:B28,$B9) -> 3 | D9: =COUNTIFS('Test Cases'!B3:B28,$B9,'Test Cases'!H3:H28,"Pass") -> 3 | E9: =COUNTIFS('Test Cases'!B3:B28,$B9,'Test Cases'!H3:H28,"Fail") -> 0 | F9: =COUNTIFS('Test Cases'!B3:B28,$B9,'Test Cases'!H3:H28,"Not Run") -> 0 | G9: =IFERROR((D9+E9)/C9,0) -> 1
B10: Tasks | C10: =COUNTIFS('Test Cases'!B3:B28,$B10) -> 2 | D10: =COUNTIFS('Test Cases'!B3:B28,$B10,'Test Cases'!H3:H28,"Pass") -> 2 | E10: =COUNTIFS('Test Cases'!B3:B28,$B10,'Test Cases'!H3:H28,"Fail") -> 0 | F10: =COUNTIFS('Test Cases'!B3:B28,$B10,'Test Cases'!H3:H28,"Not Run") -> 0 | G10: =IFERROR((D10+E10)/C10,0) -> 1
B11: Navigation | C11: =COUNTIFS('Test Cases'!B3:B28,$B11) -> 3 | D11: =COUNTIFS('Test Cases'!B3:B28,$B11,'Test Cases'!H3:H28,"Pass") -> 2 | E11: =COUNTIFS('Test Cases'!B3:B28,$B11,'Test Cases'!H3:H28,"Fail") -> 1 | F11: =COUNTIFS('Test Cases'!B3:B28,$B11,'Test Cases'!H3:H28,"Not Run") -> 0 | G11: =IFERROR((D11+E11)/C11,0) -> 1
B12: Accessibility | C12: =COUNTIFS('Test Cases'!B3:B28,$B12) -> 4 | D12: =COUNTIFS('Test Cases'!B3:B28,$B12,'Test Cases'!H3:H28,"Pass") -> 2 | E12: =COUNTIFS('Test Cases'!B3:B28,$B12,'Test Cases'!H3:H28,"Fail") -> 2 | F12: =COUNTIFS('Test Cases'!B3:B28,$B12,'Test Cases'!H3:H28,"Not Run") -> 0 | G12: =IFERROR((D12+E12)/C12,0) -> 1
B13: Cross-module | C13: =COUNTIFS('Test Cases'!B3:B28,$B13) -> 1 | D13: =COUNTIFS('Test Cases'!B3:B28,$B13,'Test Cases'!H3:H28,"Pass") -> 0 | E13: =COUNTIFS('Test Cases'!B3:B28,$B13,'Test Cases'!H3:H28,"Fail") -> 1 | F13: =COUNTIFS('Test Cases'!B3:B28,$B13,'Test Cases'!H3:H28,"Not Run") -> 0 | G13: =IFERROR((D13+E13)/C13,0) -> 1
B14: Total | C14: =SUM(C6:C13) -> 26 | D14: =SUM(D6:D13) -> 17 | E14: =SUM(E6:E13) -> 4 | F14: =SUM(F6:F13) -> 5 | G14: =IFERROR((D14+E14)/C14,0) -> 0.80769231
B16: Overall status
B17: Pass | C17: =D14 -> 17
B18: Fail | C18: =E14 -> 4
B19: Not Run | C19: =F14 -> 5
B21: Defects by severity
B22: Major | C22: =COUNTIFS('Defect Log'!D3:D7,"Major",'Defect Log'!J3:J7,"Open") -> 1
B23: Minor | C23: =COUNTIFS('Defect Log'!D3:D7,"Minor",'Defect Log'!J3:J7,"Open") -> 3
B24: Closed | C24: =COUNTIFS('Defect Log'!J3:J7,"Closed, not a defect") -> 1
B27: Note | C27: Not run covers create, edit and import flows deliberately excluded from this cycle to keep testing non destructive, plus Organizations filter and search cases deferred to cycle 2. All are designed and ready to run. Chart segments carry value labels so status is never conveyed by colour alone.

Sheet Test Cases
A1: Test Cases, Cycle 1
A2: Test ID | B2: Module | C2: Test case | D2: Preconditions | E2: Steps | F2: Expected result | G2: Actual result | H2: Status | I2: Severity | J2: Defect ref
A3: TC-DSH-001 | B3: Dashboard | C3: Dashboard renders all metric cards | D3: Signed in | E3: 1. Navigate to /dashboard 2. Wait for the page to finish loading 3. Count the metric cards and read each caption | F3: Six metric cards render, each with a count and a caption | G3: All six rendered with counts and captions within 5 seconds | H3: Pass
A4: TC-DSH-002 | B4: Dashboard | C4: Upcoming meetings panel lists scheduled meetings | D4: At least one future meeting exists | E4: 1. Navigate to /dashboard 2. Inspect the Upcoming meetings panel | F4: Each row shows a meeting title and a date and time | G4: Three meetings listed, each with a title and a date and time | H4: Pass
A5: TC-DSH-003 | B5: Dashboard | C5: Active opportunities empty state displays | D5: No opportunities in the active stage | E5: 1. Navigate to /dashboard 2. Inspect the Active opportunities panel | F5: An explicit message explains why the panel is empty | G5: Message reads: No active opportunities. Work in the active stage will appear here. | H5: Pass
A6: TC-DSH-004 | B6: Dashboard | C6: Metric cards navigate to their filtered list | D6: Signed in | E6: 1. Navigate to /dashboard 2. Click a metric card 3. Observe the destination and its filter state | F6: Navigates to the matching list with the filter already applied | G6: Deferred to cycle 2 | H6: Not Run
A7: TC-ORG-001 | B7: Organizations | C7: List renders organization records | D7: Organization records exist | E7: 1. Navigate to /organizations 2. Wait for the list to render 3. Inspect the column headers and row content | F7: Records render with Organization, Stage, Owner, Alignment, Risk, Last activity and Next action columns | G7: Ten or more records rendered with all seven columns populated. See DEF-005 for the first pass result and why it was closed | H7: Pass
A8: TC-ORG-002 | B8: Organizations | C8: Stage tabs filter the result set | D8: Records exist across several stages | E8: 1. Navigate to /organizations 2. Click each tab in turn: All, Prospects, In progress, Active, Closed, Archived 3. Observe the result set after each click | F8: Each tab narrows the list to that stage and becomes the selected tab | G8: Deferred to cycle 2 | H8: Not Run
A9: TC-ORG-003 | B9: Organizations | C9: Search narrows the organization list | D9: Records exist | E9: 1. Navigate to /organizations 2. Enter a known organization name in the Search organizations field 3. Observe the results | F9: Only records matching the search term remain listed | G9: Deferred to cycle 2 | H9: Not Run
A10: TC-ORG-004 | B10: Organizations | C10: Owner, Alignment and Risk filters apply | D10: Records exist | E10: 1. Navigate to /organizations 2. Apply the Owner filter and observe the results 3. Clear it, then repeat for Alignment and for Risk | F10: Each filter narrows the list to matching records | G10: Deferred to cycle 2 | H10: Not Run
A11: TC-ORG-005 | B11: Organizations | C11: Add organization opens the create form | D11: User holds create permission | E11: 1. Navigate to /organizations 2. Click Add organization | F11: The create form opens with required fields marked | G11: Not executed. Write operations were excluded from scope | H11: Not Run
A12: TC-ORG-006 | B12: Organizations | C12: Organization data request completes within 5 seconds | D12: Signed in | E12: 1. Navigate to /organizations 2. Read the Resource Timing entry for the organizations data request 3. Record the status code and responseEnd | F12: The request returns 200 within 5 seconds of navigation start | G12: 200 returned. responseEnd 2.31 seconds on the first run and 3.81 seconds on re-test | H12: Pass
A13: TC-PPL-001 | B13: People | C13: List loads and renders within 5 seconds | D13: Signed in | E13: 1. Navigate to /people 2. Wait for the page to finish loading | F13: The list view renders its content within 5 seconds | G13: Rendered within 5 seconds with header, filters and result area | H13: Pass
A14: TC-PPL-002 | B14: People | C14: Empty state displays when no records match | D14: A filter set that returns no records | E14: 1. Navigate to /people 2. Observe the result area | F14: An explicit empty state message displays | G14: Message reads: No people match these filters | H14: Pass
... A22: TC-NAV-002 | B22: Navigation | C22: Direct URL entry preserves the session | D22: Signed in | E22: 1. Enter a module URL directly in the address bar 2. Observe whether the module loads or prompts for sign in | F22: The module loads without forcing re-authentication | G22: Session intact on every direct navigation | H22: Pass
A23: TC-NAV-003 | B23: Navigation | C23: Browser tab title reflects the current page | D23: Signed in | E23: 1. Visit /dashboard and read document.title 2. Visit /people and read document.title 3. Visit /tasks and read document.title 4. Visit /consultation-requests and read document.title 5. Compare the four values | F23: Each route sets a title naming that page | G23: All four routes report the identical title: ECL Operations Hub | H23: Fail | I23: Major | J23: DEF-001
A24: TC-A11Y-001 | B24: Accessibility | C24: Page structure meets baseline requirements | D24: Signed in | E24: 1. Load a module page 2. Read the lang attribute on the html element 3. Count h1 elements 4. Check for main, nav and header landmarks 5. Check every button for an accessible name 6. Check every image for an alt attribute 7. Check every form control for an associated label | F24: lang is set, exactly one h1 exists, main, nav and header landmarks are present, and every control is named and labelled | G24: lang is en. One h1. Main, nav and header all present. 11 of 11 buttons named. 1 of 1 image has alt. 1 of 1 form control labelled | H24: Pass
A25: TC-A11Y-002 | B25: Accessibility | C25: Heading order is logical | D25: Signed in | E25: 1. Load a module page 2. List all headings in DOM order 3. Repeat on three further routes | F25: The h1 precedes any h2 on the page | G25: An h2 labelled Search precedes the h1 on every one of the four pages checked | H25: Fail | I25: Minor | J25: DEF-002
A26: TC-A11Y-003 | B26: Accessibility | C26: Keyboard users can bypass repeated navigation | D26: Signed in | E26: 1. Load any page 2. Inspect the document for a skip link 3. Tab from the top of the page and count stops before main content | F26: A skip link or equivalent lets a keyboard user reach main content directly | G26: No skip link present. Landmarks are in place, which helps screen reader users, but a sighted keyboard user tabs the full sidebar on every page load | H26: Fail | I26: Minor | J26: DEF-003
A27: TC-A11Y-004 | B27: Accessibility | C27: Console is free of errors during navigation | D27: Signed in | E27: 1. Open the browser console 2. Navigate across modules 3. Read the console output | F27: No uncaught errors or warnings are logged | G27: No console errors or warnings captured | H27: Pass
A28: TC-UI-001 | B28: Cross-module | C28: Empty state treatment is consistent across list modules | D28: A module view with no records | E28: 1. Open /tasks on a view with no tasks and record the empty state 2. Open /people with a filter set that returns nothing and record the empty state 3. Compare the two treatments | F28: The same empty state pattern is used in every list module | G28: Tasks uses an icon plus a heading plus an explanatory line. People uses a single line of text with no icon and no heading | H28: Fail | I28: Minor | J28: DEF-004

Sheet Defect Log
A1: Defect Log, Cycle 1
A2: Defect ID | B2: Module | C2: Summary | D2: Severity | E2: Priority | F2: Steps to reproduce | G2: Expected result | H2: Actual result | I2: Standard and evidence | J2: Status
A3: DEF-001 | B3: Navigation | C3: Browser tab title is identical on every route | D3: Major | E3: Medium | F3: 1. Sign in 2. Visit /dashboard and read the browser tab title 3. Visit /people and read the browser tab title 4. Visit /tasks and read the browser tab title 5. Visit /consultation-requests and read the browser tab title 6. Compare the four titles | G3: Each route sets a title naming the current page, for example: Tasks, ECL Operations Hub | H3: All four routes report the identical title: ECL Operations Hub. A user with several tabs open cannot tell them apart, browser history and bookmarks are indistinguishable, and screen readers announce no page change on navigation | I3: WCAG 2.1 SC 2.4.2 Page Titled, Level A. Verified on 4 routes | J3: Open
A4: DEF-002 | B4: Accessibility | C4: An h2 precedes the h1 in DOM order on every page | D4: Minor | E4: Low | F4: 1. Load any module page 2. List all headings in DOM order 3. Repeat on three further routes 4. Compare the heading order across all four | G4: The h1 naming the page comes before any subordinate heading | H4: The search region h2 labelled Search is emitted before the page h1 on /dashboard, /people, /tasks and /consultation-requests. A screen reader user navigating by heading meets a sub heading before learning what page they are on | I4: WCAG 2.1 SC 1.3.1 Info and Relationships. Verified on 4 routes | J4: Open
A5: DEF-003 | B5: Accessibility | C5: No skip link to bypass the sidebar navigation | D5: Minor | E5: Low | F5: 1. Load any page 2. Inspect the document for a skip link 3. Place focus at the top of the page 4. Tab forward and count the stops before main content | G5: A skip link lets a keyboard user jump past the repeated navigation to main content | H5: No skip link present. The sidebar carries 12 destinations, so a sighted keyboard user tabs through all of them on every page load. Landmark elements are correctly in place, which mitigates this for screen reader users but not for keyboard only users | I5: WCAG 2.1 SC 2.4.1 Bypass Blocks, Level A | J5: Open
A6: DEF-004 | B6: Cross-module | C6: Empty state treatment is inconsistent between list modules | D6: Minor | E6: Low | F6: 1. Open /tasks on a view with no tasks 2. Record the empty state treatment 3. Open /people with a filter set that returns nothing 4. Record the empty state treatment 5. Compare the two | G6: One consistent empty state pattern across all list modules | H6: Tasks shows an icon, a heading and an explanatory line. People shows a single line of text with no icon and no heading. Two different treatments of the same state in adjacent modules | I6: Observed on 2 modules | J6: Open
A7: DEF-005 | B7: Organizations | C7: Organizations list did not render. Raised Critical, closed as a test environment artifact | D7: Critical | E7: High | F7: 1. Load /organizations in an automated session 2. Wait without interacting with the page 3. Count rendered rows at 35 seconds 4. Count rendered rows at 100 seconds 5. Count rendered rows at 140 seconds | G7: Organization records render shortly after the data request completes | H7: First pass: zero rows at 35, 102 and 139 seconds while the view reported a loading state, although the data request had returned 200 at 2.31 seconds. Re-test in a normal foreground session: the list rendered correctly with all records and columns. Root cause sat in the test environment, not the product. The automated session drove a background tab where document.visibilityState reported hidden and the browser throttles the timers the render path depends on. Not reproducible under normal use | I7: document.visibilityState hidden and document.hasFocus false during the failing runs. Foreground re-test passed, see TC-ORG-001 | J7: Closed, not a defect
